{
    "root_group": {
        "checks": {
            "status is 200": {
                "id": "6210a8cd14cd70477eba5c5e4cb3fb5f",
                "passes": 460,
                "fails": 0,
                "name": "status is 200",
                "path": "::status is 200"
            }
        },
        "name": "",
        "path": "",
        "id": "d41d8cd98f00b204e9800998ecf8427e",
        "groups": {}
    },
    "metrics": {
        "http_req_duration{expected_response:true}": {
            "avg": 121.04175803260861,
            "min": 3.903125,
            "med": 129.6859585,
            "max": 193.232084,
            "p(90)": 179.8546327,
            "p(95)": 183.90569435
        },
        "http_req_failed": {
            "passes": 0,
            "fails": 460,
            "thresholds": {
                "rate<0.01": false
            },
            "value": 0
        },
        "iterations": {
            "count": 460,
            "rate": 42.0690331255835
        },
        "http_req_duration": {
            "avg": 121.04175803260861,
            "min": 3.903125,
            "med": 129.6859585,
            "max": 193.232084,
            "p(90)": 179.8546327,
            "p(95)": 183.90569435,
            "thresholds": {
                "p(95)<500": false
            }
        },
        "vus": {
            "value": 50,
            "min": 50,
            "max": 50
        },
        "data_received": {
            "count": 77280,
            "rate": 7067.597565098028
        },
        "http_req_sending": {
            "max": 1.930167,
            "p(90)": 0.08168750000000002,
            "p(95)": 0.11008924999999994,
            "avg": 0.054781089130434786,
            "min": 0.005917,
            "med": 0.026021
        },
        "http_req_connecting": {
            "avg": 0.16745800652173917,
            "min": -0.244681,
            "med": 0.10664599999999999,
            "max": 2.229458,
            "p(90)": 0.3562708000000001,
            "p(95)": 0.4725961499999996
        },
        "http_req_blocked": {
            "avg": 0.38913004347826124,
            "min": 0,
            "med": 0.1745,
            "max": 2.718291,
            "p(90)": 0.8552797000000001,
            "p(95)": 2.3065249999999993
        },
        "http_req_tls_handshaking": {
            "min": 0,
            "med": 0,
            "max": 0,
            "p(90)": 0,
            "p(95)": 0,
            "avg": 0
        },
        "iteration_duration": {
            "max": 1196.679625,
            "p(90)": 1181.3538964,
            "p(95)": 1188.37946285,
            "avg": 1122.617100126087,
            "min": 1006.068001,
            "med": 1130.531
        },
        "http_reqs": {
            "count": 460,
            "rate": 42.0690331255835
        },
        "checks": {
            "fails": 0,
            "passes": 460,
            "value": 1
        },
        "http_req_waiting": {
            "avg": 120.84893281304339,
            "min": 3.839334,
            "med": 129.5796665,
            "max": 193.111666,
            "p(90)": 179.6298965,
            "p(95)": 183.61086845
        },
        "http_req_receiving": {
            "max": 2.32575,
            "p(90)": 0.3266834,
            "p(95)": 0.47015449999999986,
            "avg": 0.13804413043478259,
            "min": 0.010416,
            "med": 0.0795205
        },
        "vus_max": {
            "value": 50,
            "min": 50,
            "max": 50
        },
        "data_sent": {
            "count": 31740,
            "rate": 2902.7632856652613
        }
    }
}