{
    "root_group": {
<<<<<<< Updated upstream
        "checks": {
            "status is 200": {
                "name": "status is 200",
                "path": "::status is 200",
                "id": "6210a8cd14cd70477eba5c5e4cb3fb5f",
                "passes": 500,
                "fails": 0
            }
        },
        "name": "",
        "path": "",
        "id": "d41d8cd98f00b204e9800998ecf8427e",
        "groups": {}
    },
    "metrics": {
        "http_req_connecting": {
            "max": 3.038583,
            "p(90)": 0.0015000000000001661,
            "p(95)": 0.10761394999999992,
            "avg": 0.024964994000000004,
            "min": 0,
            "med": 0
        },
        "http_req_duration": {
            "min": 4.994042,
            "med": 40.9160835,
            "max": 135.372792,
            "p(90)": 81.76299549999999,
            "p(95)": 125.09257179999999,
            "avg": 46.35791044,
            "thresholds": {
                "p(95)<500": false
            }
        },
        "http_req_tls_handshaking": {
            "max": 0,
            "p(90)": 0,
            "p(95)": 0,
            "avg": 0,
            "min": 0,
            "med": 0
        },
        "http_req_waiting": {
            "p(90)": 81.56145029999999,
            "p(95)": 124.2911417,
            "avg": 46.22872593800007,
            "min": 4.965042,
            "med": 40.858854,
            "max": 132.770875
        },
        "http_req_receiving": {
            "p(90)": 0.1223506,
            "p(95)": 0.16718785,
            "avg": 0.052756103999999956,
            "min": 0.004334,
            "med": 0.0262915,
            "max": 1.199333
        },
        "checks": {
            "passes": 500,
            "fails": 0,
            "value": 1
        },
        "vus_max": {
            "value": 50,
            "min": 50,
            "max": 50
        },
        "http_req_duration{expected_response:true}": {
            "min": 4.994042,
            "med": 40.9160835,
            "max": 135.372792,
            "p(90)": 81.76299549999999,
            "p(95)": 125.09257179999999,
            "avg": 46.35791044
        },
        "http_req_sending": {
            "p(90)": 0.0305744,
            "p(95)": 0.11042289999999937,
            "avg": 0.07642839799999998,
            "min": 0.00175,
            "med": 0.006062,
            "max": 3.7555
        },
        "http_req_blocked": {
            "avg": 0.11165484199999981,
            "min": 0.00075,
            "med": 0.002292,
            "max": 4.267833,
            "p(90)": 0.03568340000000003,
            "p(95)": 1.2290566
        },
        "data_received": {
            "count": 78000,
            "rate": 7732.726180003479
        },
        "iterations": {
            "rate": 44.61188180771238,
            "count": 450
        },
        "http_req_failed": {
            "passes": 0,
            "fails": 500,
            "thresholds": {
                "rate<0.01": false
            },
            "value": 0
        },
        "data_sent": {
            "count": 34500,
            "rate": 3420.244271924616
        },
        "iteration_duration": {
            "max": 1137.505834,
            "p(90)": 1116.4659837000002,
            "p(95)": 1127.5636633499998,
            "avg": 1049.936080877779,
            "min": 1005.722834,
            "med": 1043.4796465
        },
        "vus": {
            "value": 50,
            "min": 50,
            "max": 50
        },
        "http_reqs": {
            "count": 500,
            "rate": 49.568757564124866
=======
        "name": "",
        "path": "",
        "id": "d41d8cd98f00b204e9800998ecf8427e",
        "groups": {},
        "checks": {
                "status is 200": {
                    "name": "status is 200",
                    "path": "::status is 200",
                    "id": "6210a8cd14cd70477eba5c5e4cb3fb5f",
                    "passes": 11014,
                    "fails": 91
                }
            }
    },
    "metrics": {
        "http_req_blocked": {
            "med": 0.063042,
            "max": 51.353625,
            "p(90)": 0.18248400000000006,
            "p(95)": 0.33537539999999993,
            "avg": 0.45621023818099943,
            "min": 0.017834
        },
        "vus_max": {
            "value": 200,
            "min": 200,
            "max": 200
        },
        "data_sent": {
            "count": 766245,
            "rate": 12559.27162039095
        },
        "http_reqs": {
            "count": 11105,
            "rate": 182.01842928102823
        },
        "http_req_connecting": {
            "avg": 0.1464290135074292,
            "min": 0.013708,
            "med": 0.0465,
            "max": 51.274833,
            "p(90)": 0.13438340000000004,
            "p(95)": 0.21463279999999962
        },
        "http_req_duration{expected_response:true}": {
            "max": 1180.2885,
            "p(90)": 204.510175,
            "p(95)": 275.3978374999999,
            "avg": 79.56524246903938,
            "min": 2.797417,
            "med": 34.454188
        },
        "http_req_duration": {
            "avg": 85.44408839126507,
            "min": 2.797417,
            "med": 35.153001,
            "max": 1180.2885,
            "p(90)": 214.1030586,
            "p(95)": 298.92742499999997,
            "thresholds": {
                "p(95)<500": false
            }
        },
        "http_req_receiving": {
            "p(90)": 0.2682668000000001,
            "p(95)": 0.4136583999999995,
            "avg": 0.12506265222872565,
            "min": 0.009208,
            "med": 0.046125,
            "max": 58.346166
        },
        "data_received": {
            "count": 4870915,
            "rate": 79837.5774391175
        },
        "http_req_waiting": {
            "med": 34.981875,
            "max": 1179.1405,
            "p(90)": 213.92254160000002,
            "p(95)": 298.6721335999998,
            "avg": 85.29210821089553,
            "min": 2.767208
        },
        "http_req_sending": {
            "p(90)": 0.029042,
            "p(95)": 0.0469588,
            "avg": 0.02691752814047713,
            "min": 0.00275,
            "med": 0.010042,
            "max": 16.435959
        },
        "vus": {
            "value": 8,
            "min": 8,
            "max": 200
        },
        "iterations": {
            "count": 11105,
            "rate": 182.01842928102823
        },
        "http_req_failed": {
            "passes": 91,
            "fails": 11014,
            "thresholds": {
                "rate<0.01": false
            },
            "value": 0.008194506978838362
        },
        "iteration_duration": {
            "p(90)": 1215.101592,
            "p(95)": 1301.5616081999995,
            "avg": 1086.9608102425861,
            "min": 1002.981709,
            "med": 1036.620418,
            "max": 2197.688001
        },
        "http_req_tls_handshaking": {
            "avg": 0,
            "min": 0,
            "med": 0,
            "max": 0,
            "p(90)": 0,
            "p(95)": 0
        },
        "checks": {
            "passes": 11014,
            "fails": 91,
            "value": 0.9918054930211616
>>>>>>> Stashed changes
        }
    }
}