{
    "metrics": {
        "http_req_tls_handshaking": {
            "max": 0,
            "p(90)": 0,
            "p(95)": 0,
            "avg": 0,
            "min": 0,
            "med": 0
        },
        "iteration_duration": {
            "p(95)": 1170.923576,
            "avg": 1095.8633701138112,
            "min": 1004.355834,
            "med": 1107.740667,
            "max": 1211.160209,
            "p(90)": 1154.2586096
        },
        "vus": {
            "min": 50,
            "max": 50,
            "value": 50
        },
        "http_req_duration": {
            "avg": 94.26166144472626,
            "min": 3.9265,
            "med": 106.731,
            "max": 209.535333,
            "p(90)": 153.0004082,
            "p(95)": 170.12112079999997,
            "thresholds": {
                "p(95)<500": false
            }
        },
        "http_req_waiting": {
            "p(90)": 152.8846666,
            "p(95)": 170.08135829999995,
            "avg": 94.05892432221832,
            "min": 3.872917,
            "med": 106.616083,
            "max": 209.445292
        },
        "http_req_sending": {
            "min": 0.004084,
            "med": 0.025792,
            "max": 2.879334,
            "p(90)": 0.08330860000000001,
            "p(95)": 0.11789169999999997,
            "avg": 0.047977427328742224
        },
        "data_received": {
            "count": 463512,
            "rate": 7614.333224837885
        },
        "http_req_blocked": {
            "p(95)": 0.843675,
            "avg": 0.2936048426966294,
            "min": 0.021792,
            "med": 0.181542,
            "max": 6.730458,
            "p(90)": 0.5956578
        },
        "iterations": {
            "count": 2759,
            "rate": 45.32341205260646
        },
        "http_req_failed": {
            "passes": 0,
            "fails": 2759,
            "thresholds": {
                "rate<0.01": false
            },
            "value": 0
        },
        "http_req_connecting": {
            "avg": 0.20902942515404185,
            "min": 0.016416,
            "med": 0.127417,
            "max": 4.301083,
            "p(90)": 0.424583,
            "p(95)": 0.5966752999999997
        },
        "http_req_duration{expected_response:true}": {
            "med": 106.731,
            "max": 209.535333,
            "p(90)": 153.0004082,
            "p(95)": 170.12112079999997,
            "avg": 94.26166144472626,
            "min": 3.9265
        },
        "http_req_receiving": {
            "p(90)": 0.3384248,
            "p(95)": 0.5387204999999995,
            "avg": 0.15475969517941282,
            "min": 0.01025,
            "med": 0.086708,
            "max": 2.843916
        },
        "http_reqs": {
            "count": 2759,
            "rate": 45.32341205260646
        },
        "vus_max": {
            "value": 50,
            "min": 50,
            "max": 50
        },
        "checks": {
            "passes": 2759,
            "fails": 0,
            "value": 1
        },
        "data_sent": {
            "count": 190371,
            "rate": 3127.3154316298455
        }
    },
    "root_group": {
        "checks": {
            "status is 200": {
                "fails": 0,
                "name": "status is 200",
                "path": "::status is 200",
                "id": "6210a8cd14cd70477eba5c5e4cb3fb5f",
                "passes": 2759
            }
        },
        "name": "",
        "path": "",
        "id": "d41d8cd98f00b204e9800998ecf8427e",
        "groups": {}
    }
}