{
    "metrics": {
        "checks": {
            "passes": 11604,
            "fails": 75,
            "value": 0.9935782173131261
        },
        "http_req_duration": {
            "min": 3.150708,
            "med": 13.265708,
            "max": 673.538902,
            "p(90)": 71.86270900000001,
            "p(95)": 119.3374413,
            "avg": 34.52555595813001,
            "thresholds": {
                "p(95)<500": false
            }
        },
        "vus_max": {
            "value": 200,
            "min": 200,
            "max": 200
        },
        "data_sent": {
            "count": 805851,
            "rate": 13206.301660191779
        },
        "http_req_blocked": {
            "avg": 0.20863988098295883,
            "min": 0.000459,
            "med": 0.0025,
            "max": 45.889708,
            "p(90)": 0.006583,
            "p(95)": 0.010463099999999979
        },
        "http_req_sending": {
            "avg": 0.02017883988355167,
            "min": 0.001041,
            "med": 0.00725,
            "max": 43.721166,
            "p(90)": 0.019292,
            "p(95)": 0.0296661
        },
        "http_reqs": {
            "count": 11679,
            "rate": 191.39567623466345
        },
        "data_received": {
            "count": 4298799,
            "rate": 70448.80054815438
        },
        "http_req_waiting": {
            "avg": 34.447330117133376,
            "min": 3.132291,
            "med": 13.219292,
            "max": 672.885778,
            "p(90)": 71.73151600000001,
            "p(95)": 119.32235829999999
        },
        "iteration_duration": {
            "avg": 1036.004388237777,
            "min": 1003.500084,
            "med": 1014.532708,
            "max": 1699.907875,
            "p(90)": 1073.7483662,
            "p(95)": 1120.896967
        },
        "http_req_connecting": {
            "avg": 0.0403057159859577,
            "min": 0,
            "med": 0,
            "max": 22.249542,
            "p(90)": 0,
            "p(95)": 0
        },
        "http_req_tls_handshaking": {
            "avg": 0,
            "min": 0,
            "med": 0,
            "max": 0,
            "p(90)": 0,
            "p(95)": 0
        },
        "iterations": {
            "count": 11679,
            "rate": 191.39567623466345
        },
        "http_req_failed": {
            "passes": 75,
            "fails": 11604,
            "thresholds": {
                "rate<0.01": false
            },
            "value": 0.006421782686873876
        },
        "http_req_receiving": {
            "min": 0.004583,
            "med": 0.039917,
            "max": 2.632459,
            "p(90)": 0.114125,
            "p(95)": 0.15325829999999996,
            "avg": 0.05804700111310905
        },
        "vus": {
            "value": 27,
            "min": 27,
            "max": 200
        },
        "http_req_duration{expected_response:true}": {
            "avg": 32.08633450344705,
            "min": 3.150708,
            "med": 13.113667,
            "max": 673.538902,
            "p(90)": 68.75875010000001,
            "p(95)": 111.92472144999992
        }
    },
    "root_group": {
        "checks": {
            "status is 200": {
                "name": "status is 200",
                "path": "::status is 200",
                "id": "6210a8cd14cd70477eba5c5e4cb3fb5f",
                "passes": 11604,
                "fails": 75
            }
        },
        "name": "",
        "path": "",
        "id": "d41d8cd98f00b204e9800998ecf8427e",
        "groups": {}
    }
}