{
    "root_group": {
        "checks": {
            "status is 200": {
                "name": "status is 200",
                "path": "::status is 200",
                "id": "6210a8cd14cd70477eba5c5e4cb3fb5f",
                "passes": 500,
                "fails": 0
            }
        },
        "name": "",
        "path": "",
        "id": "d41d8cd98f00b204e9800998ecf8427e",
        "groups": {}
    },
    "metrics": {
        "http_req_connecting": {
            "max": 3.038583,
            "p(90)": 0.0015000000000001661,
            "p(95)": 0.10761394999999992,
            "avg": 0.024964994000000004,
            "min": 0,
            "med": 0
        },
        "http_req_duration": {
            "min": 4.994042,
            "med": 40.9160835,
            "max": 135.372792,
            "p(90)": 81.76299549999999,
            "p(95)": 125.09257179999999,
            "avg": 46.35791044,
            "thresholds": {
                "p(95)<500": false
            }
        },
        "http_req_tls_handshaking": {
            "max": 0,
            "p(90)": 0,
            "p(95)": 0,
            "avg": 0,
            "min": 0,
            "med": 0
        },
        "http_req_waiting": {
            "p(90)": 81.56145029999999,
            "p(95)": 124.2911417,
            "avg": 46.22872593800007,
            "min": 4.965042,
            "med": 40.858854,
            "max": 132.770875
        },
        "http_req_receiving": {
            "p(90)": 0.1223506,
            "p(95)": 0.16718785,
            "avg": 0.052756103999999956,
            "min": 0.004334,
            "med": 0.0262915,
            "max": 1.199333
        },
        "checks": {
            "passes": 500,
            "fails": 0,
            "value": 1
        },
        "vus_max": {
            "value": 50,
            "min": 50,
            "max": 50
        },
        "http_req_duration{expected_response:true}": {
            "min": 4.994042,
            "med": 40.9160835,
            "max": 135.372792,
            "p(90)": 81.76299549999999,
            "p(95)": 125.09257179999999,
            "avg": 46.35791044
        },
        "http_req_sending": {
            "p(90)": 0.0305744,
            "p(95)": 0.11042289999999937,
            "avg": 0.07642839799999998,
            "min": 0.00175,
            "med": 0.006062,
            "max": 3.7555
        },
        "http_req_blocked": {
            "avg": 0.11165484199999981,
            "min": 0.00075,
            "med": 0.002292,
            "max": 4.267833,
            "p(90)": 0.03568340000000003,
            "p(95)": 1.2290566
        },
        "data_received": {
            "count": 78000,
            "rate": 7732.726180003479
        },
        "iterations": {
            "rate": 44.61188180771238,
            "count": 450
        },
        "http_req_failed": {
            "passes": 0,
            "fails": 500,
            "thresholds": {
                "rate<0.01": false
            },
            "value": 0
        },
        "data_sent": {
            "count": 34500,
            "rate": 3420.244271924616
        },
        "iteration_duration": {
            "max": 1137.505834,
            "p(90)": 1116.4659837000002,
            "p(95)": 1127.5636633499998,
            "avg": 1049.936080877779,
            "min": 1005.722834,
            "med": 1043.4796465
        },
        "vus": {
            "value": 50,
            "min": 50,
            "max": 50
        },
        "http_reqs": {
            "count": 500,
            "rate": 49.568757564124866
        }
    }
}