{
    "root_group": {
        "checks": {
            "status is 301": {
                "name": "status is 301",
                "path": "::status is 301",
                "id": "1e61001ed66dc2a0a726d6460830a5c7",
                "passes": 11425,
                "fails": 82
            }
        },
        "name": "",
        "path": "",
        "id": "d41d8cd98f00b204e9800998ecf8427e",
        "groups": {}
    },
    "metrics": {
        "vus": {
            "value": 12,
            "min": 12,
            "max": 200
        },
        "http_req_sending": {
            "avg": 0.024545434083601228,
            "min": 0.001333,
            "med": 0.007875,
            "max": 21.379667,
            "p(90)": 0.021209,
            "p(95)": 0.03290439999999998
        },
        "iterations": {
            "count": 11507,
            "rate": 188.62457060149862
        },
        "vus_max": {
            "value": 200,
            "min": 200,
            "max": 200
        },
        "http_req_receiving": {
            "med": 0.050958,
            "max": 5.011209,
            "p(90)": 0.14425,
            "p(95)": 0.1891875999999999,
            "avg": 0.07459620474493815,
            "min": 0.006
        },
        "checks": {
            "fails": 82,
            "passes": 11425,
            "value": 0.9928739028417485
        },
        "http_req_tls_handshaking": {
            "med": 0,
            "max": 0,
            "p(90)": 0,
            "p(95)": 0,
            "avg": 0,
            "min": 0
        },
        "http_req_duration{expected_response:true}": {
            "avg": 45.146212129365345,
            "min": 3.374459,
            "med": 13.566,
            "max": 883.698209,
            "p(90)": 106.4693084,
            "p(95)": 199.85525799999996
        },
        "http_req_blocked": {
            "min": 0.0005,
            "med": 0.002667,
            "max": 49.751,
            "p(90)": 0.007208,
            "p(95)": 0.01140369999999998,
            "avg": 0.5078813133744731
        },
        "data_received": {
            "count": 8193417,
            "rate": 134307.7920730007
        },
        "iteration_duration": {
            "p(95)": 1232.3158842,
            "avg": 1050.9426233160727,
            "min": 1003.637542,
            "med": 1015.06825,
            "max": 1911.333251,
            "p(90)": 1113.9671922
        },
        "http_reqs": {
            "count": 11507,
            "rate": 188.62457060149862
        },
        "http_req_failed": {
            "passes": 82,
            "fails": 11425,
            "thresholds": {
                "rate<0.01": false
            },
            "value": 0.007126097158251499
        },
        "http_req_connecting": {
            "p(95)": 0,
            "avg": 0.043748004866602935,
            "min": 0,
            "med": 0,
            "max": 40.76625,
            "p(90)": 0
        },
        "http_req_waiting": {
            "avg": 48.86810631041965,
            "min": 3.349292,
            "med": 13.621083,
            "max": 883.666751,
            "p(90)": 112.09490900000002,
            "p(95)": 229.9925537999996
        },
        "data_sent": {
            "count": 805490,
            "rate": 13203.719942104903
        },
        "http_req_duration": {
            "avg": 48.96724794924831,
            "min": 3.374459,
            "med": 13.71825,
            "max": 883.698209,
            "p(90)": 112.38293320000002,
            "p(95)": 230.02055379999962,
            "thresholds": {
                "p(95)<500": false
            }
        }
    }
}